ID,IsSinkhole
0,1
1,0
2,0
3,0
4,0
5,0
6,1
7,0
8,0
9,1
10,1
11,0
12,1
13,1
14,0
15,1
16,0
17,0
18,0
19,0
20,0
21,1
22,0
23,1
24,1
25,1
26,1
27,0
28,1
29,1
30,0
31,0
32,1
33,0
34,0
35,0
36,0
37,1
38,0
39,0
40,0
41,1
42,0
43,0
44,1
45,1
46,1
47,0
48,1
49,0
50,1
51,0
52,1
53,1
54,0
55,0
56,1
57,1
58,1
59,0
60,0
61,1
62,0
63,1
64,1
65,0
66,1
67,1
68,0
69,0
70,1
71,0
72,0
73,1
74,1
75,0
76,1
77,0
78,1
79,1
80,0
81,0
82,1
83,0
84,1
85,1
86,0
87,0
88,0
89,0
90,1
91,1
92,0
93,1
94,0
95,0
96,0
97,1
98,1
99,1
100,0
101,0
102,0
103,1
104,1
105,0
106,1
107,1
108,1
109,0
110,1
111,0
112,1
113,0
114,0
115,0
116,0
117,0
118,1
119,1
120,0
121,0
122,1
123,1
124,0
125,0
126,1
127,1
128,1
129,0
130,1
131,1
132,1
133,0
134,0
135,0
136,1
137,1
138,1
139,0
140,1
141,0
142,1
143,1
144,0
145,0
146,0
147,1
148,0
149,0
150,1
151,1
152,0
153,0
154,1
155,1
156,0
157,1
158,0
159,1
160,1
161,1
162,1
163,0
164,0
165,0
166,0
167,1
168,1
169,0
170,1
171,1
172,0
173,1
174,0
175,1
176,0
177,1
178,1
179,0
180,1
181,0
182,1
183,1
184,1
185,0
186,1
187,1
188,1
189,1
190,0
191,1
192,0
193,1
194,0
195,1
196,0
197,1
198,0
199,0
200,0
201,0
202,0
203,0
204,0
205,0
206,1
207,0
208,0
209,1
210,1
211,1
212,1
213,0
214,1
215,1
216,0
217,0
218,0
219,0
220,1
221,1
222,0
223,1
224,0
225,0
226,1
227,0
228,1
229,1
230,1
231,0
232,0
233,1
234,1
235,1
236,1
237,0
238,1
239,1
240,1
241,1
242,1
243,1
244,0
245,1
246,1
247,0
248,1
249,1
250,1
251,0
252,1
253,0
254,1
255,0
256,0
257,1
258,1
259,0
260,1
261,0
262,0
263,1
264,1
265,0
266,0
267,0
268,1
269,1
270,0
271,1
272,1
273,0
274,1
275,1
276,1
277,0
278,1
279,0
280,0
281,1
282,0
283,1
284,1
285,0
286,0
287,0
288,0
289,1
290,0
291,1
292,0
293,1
294,0
295,0
296,1
297,1
298,1
299,0
300,0
301,1
302,0
303,0
304,1
305,1
306,1
307,0
308,0
309,1
310,0
311,0
312,0
313,0
314,0
315,1
316,0
317,0
318,1
319,0
320,0
321,0
322,1
323,1
324,1
325,1
326,1
327,0
328,0
329,1
330,1
331,0
332,0
333,0
334,0
335,1
336,0
337,1
338,0
339,0
340,1
341,1
342,1
343,0
344,1
345,0
346,1
347,1
348,1
349,0
350,0
351,1
352,0
353,1
354,1
355,1
356,1
357,0
358,0
359,0
360,1
361,1
362,0
363,0
364,1
365,0
366,0
367,0
368,1
369,0
370,0
371,1
372,0
373,1
374,1
375,1
376,0
377,1
378,1
379,1
380,1
381,0
382,1
383,0
384,0
385,0
386,1
387,0
388,0
389,0
390,1
391,1
392,1
393,1
394,0
395,1
396,0
397,1
398,0
399,0
400,0
401,1
402,1
403,0
404,1
405,1
406,1
407,0
408,0
409,1
410,0
411,1
412,1
413,0
414,0
415,1
416,0
417,0
418,1
419,1
420,0
421,1
422,0
423,0
424,1
425,1
426,0
427,1
428,0
429,0
430,0
431,0
432,0
433,1
434,0
435,1
436,1
437,0
438,0
439,1
440,1
441,1
442,0
443,0
444,0
445,0
446,1
447,1
448,1
449,0
450,0
451,1
452,0
453,1
454,0
455,1
456,0
457,1
458,1
459,0
460,1
461,0
462,1
463,0
464,0
465,0
466,0
467,1
468,1
469,0
470,0
471,0
472,0
473,1
474,1
475,0
476,0
477,0
478,0
479,1
480,1
481,0
482,0
483,1
484,1
485,1
486,1
487,0
488,1
489,1
490,1
491,0
492,0
493,1
494,0
495,1
496,0
497,1
498,0
499,0
500,1
501,0
502,1
503,0
504,0
505,1
506,0
507,0
508,0
509,0
510,1
511,1
512,1
513,1
514,0
515,1
516,0
517,1
518,0
519,1
520,1
521,0
522,0
523,1
524,1
525,0
526,1
527,1
528,1
529,0
530,1
531,1
532,1
533,1
534,1
535,1
536,1
537,0
538,0
539,1
540,1
541,1
542,1
543,1
544,1
545,0
546,0
547,0
548,0
549,1
550,1
551,0
552,1
553,1
554,1
555,0
556,0
557,0
558,0
559,1
560,0
561,0
562,1
563,0
564,1
565,0
566,1
567,1
568,0
569,1
570,1
571,1
572,1
573,0
574,0
575,0
576,0
577,0
578,0
579,0
580,1
581,0
582,1
583,1
584,0
585,0
586,0
587,0
588,0
589,0
590,0
591,1
592,0
593,0
594,0
595,0
596,0
597,1
598,0
599,1
600,1
601,1
602,1
603,0
604,0
605,0
606,1
607,1
608,0
609,0
610,0
611,1
612,0
613,0
614,1
615,1
616,1
617,1
618,0
619,0
620,1
621,0
622,0
623,1
624,0
625,0
626,1
627,0
628,0
629,1
630,1
631,0
632,0
633,0
634,1
635,1
636,1
637,1
638,0
639,1
640,0
641,1
642,0
643,0
644,1
645,1
646,0
647,1
648,0
649,0
650,1
651,0
652,1
653,0
654,1
655,0
656,1
657,0
658,0
659,1
660,1
661,0
662,1
663,0
664,0
665,1
666,0
667,1
668,0
669,1
670,0
671,0
672,1
673,1
674,0
675,0
676,1
677,0
678,1
679,1
680,1
681,1
682,0
683,0
684,1
685,0
686,0
687,1
688,0
689,1
690,1
691,0
692,1
693,0
694,0
695,1
696,1
697,0
698,0
699,0
700,0
701,1
702,0
703,0
704,1
705,0
706,0
707,0
708,0
709,1
710,0
711,0
712,1
713,1
714,1
715,1
716,1
717,1
718,1
719,1
720,0
721,1
722,1
723,1
724,1
725,1
726,1
727,1
728,0
729,0
730,0
731,1
732,1
733,0
734,1
735,0
736,0
737,0
738,1
739,0
740,1
741,0
742,0
743,0
744,0
745,0
746,1
747,0
748,0
749,0
750,1
751,1
752,1
753,1
754,1
755,1
756,1
757,1
758,0
759,0
760,1
761,1
762,1
763,0
764,0
765,1
766,1
767,1
768,1
769,1
770,0
771,0
772,1
773,0
774,0
775,0
776,0
777,0
778,0
779,1
780,1
781,0
782,1
783,1
784,1
785,1
786,0
787,1
788,0
789,0
790,1
791,1
792,0
793,0
794,1
795,0
796,1
797,1
798,0
799,0
800,0
801,0
802,0
803,1
804,0
805,0
806,0
807,1
808,0
809,0
810,1
811,0
812,0
813,0
814,0
815,1
816,0
817,0
818,0
819,0
820,0
821,0
822,1
823,1
824,0
825,0
826,0
827,0
828,0
829,1
830,1
831,0
832,1
833,0
834,1
835,0
836,1
837,0
838,0
839,0
840,1
841,0
842,1
843,1
844,0
845,0
846,1
847,0
848,1
849,0
850,0
851,1
852,0
853,1
854,1
855,1
856,0
857,0
858,1
859,1
860,0
861,1
862,1
863,1
864,1
865,1
866,1
867,0
868,0
869,0
870,1
871,1
872,1
873,1
874,1
875,0
876,1
877,0
878,0
879,1
880,0
881,0
882,0
883,0
884,1
885,0
886,0
887,0
888,1
889,1
890,0
891,0
892,0
893,0
894,0
895,0
896,1
897,1
898,1
899,1
900,1
901,0
902,0
903,0
904,0
905,1
906,1
907,0
908,0
909,0
910,1
911,0
912,1
913,1
914,1
915,1
916,0
917,0
918,1
919,0
920,1
921,0
922,1
923,0
924,0
925,1
926,0
927,0
928,0
929,0
930,0
931,0
932,1
933,0
934,1
935,1
936,0
937,1
938,0
939,1
940,1
941,0
942,0
943,1
944,1
945,0
946,1
947,1
948,0
949,0
950,0
951,0
952,0
953,0
954,1
955,1
956,0
957,0
958,1
959,0
960,1
961,1
962,1
963,0
964,1
965,0
966,0
967,0
968,1
969,1
970,0
971,1
972,1
973,1
974,1
975,0
976,0
977,0
978,1
979,1
980,1
981,1
982,1
983,1
984,0
985,1
986,1
987,0
988,1
989,1
990,0
991,1
992,0
993,1
994,0
995,0
996,0
997,1
998,0
999,1
1000,1
1001,0
1002,0
1003,0
1004,1
1005,0
1006,1
1007,1
1008,1
1009,0
1010,0
1011,1
1012,1
1013,1
1014,0
1015,0
1016,0
1017,1
1018,1
1019,0
1020,1
1021,0
1022,1
1023,0
1024,0
1025,0
1026,0
1027,1
1028,0
1029,1
1030,0
1031,0
1032,1
1033,1
1034,0
1035,0
1036,0
1037,1
1038,1
1039,1
1040,0
1041,1
1042,0
1043,1
1044,1
1045,0
1046,0
1047,1
1048,0
1049,1
1050,0
1051,1
1052,0
1053,1
1054,1
1055,1
1056,0
1057,0
1058,0
1059,1
1060,0
1061,0
1062,0
1063,1
1064,0
1065,0
1066,1
1067,0
1068,1
1069,0
1070,0
1071,0
1072,1
1073,1
1074,1
1075,1
1076,1
1077,0
1078,0
1079,0
1080,0
1081,0
1082,0
1083,0
1084,1
1085,0
1086,1
1087,0
1088,1
1089,0
1090,0
1091,1
1092,1
1093,1
1094,1
1095,0
1096,1
1097,1
1098,1
1099,1
1100,0
1101,1
1102,1
1103,0
1104,1
1105,1
1106,1
1107,0
1108,0
1109,1
1110,0
1111,1
1112,1
1113,0
1114,0
1115,1
1116,1
1117,1
1118,0
1119,1
1120,0
1121,0
1122,0
1123,1
1124,1
1125,1
1126,1
1127,0
1128,0
1129,1
1130,1
1131,0
1132,1
1133,1
1134,0
1135,0
1136,1
1137,1
1138,0
1139,0
1140,0
1141,0
1142,1
1143,1
1144,1
1145,1
1146,0
1147,0
1148,0
1149,0
1150,1
1151,1
1152,0
1153,0
1154,0
1155,1
1156,0
1157,1
1158,1
1159,1
1160,1
1161,1
1162,0
1163,1
1164,0
1165,0
1166,0
1167,0
1168,1
1169,1
1170,0
1171,0
1172,1
1173,0
1174,1
1175,1
1176,0
1177,1
1178,1
1179,1
1180,0
1181,1
1182,0
1183,1
1184,1
1185,1
1186,1
1187,0
1188,1
1189,1
1190,0
1191,1
1192,1
1193,1
1194,1
1195,0
1196,0
1197,1
1198,1
1199,1
1200,1
1201,0
1202,0
1203,0
1204,0
1205,0
1206,0
1207,0
1208,1
1209,0
1210,0
1211,0
1212,1
1213,1
1214,1
1215,1
1216,1
1217,1
1218,1
1219,1
1220,0
1221,1
1222,0
1223,0
1224,0
1225,0
1226,0
1227,0
1228,1
1229,1
1230,1
1231,1
1232,0
1233,0
1234,1
1235,1
1236,1
1237,1
1238,0
1239,1
1240,1
1241,0
1242,1
1243,0
1244,1
1245,0
1246,0
1247,0
1248,0
1249,1
1250,0
1251,1
1252,0
1253,1
1254,0
1255,1
1256,0
1257,1
1258,0
1259,1
1260,1
1261,1
1262,1
1263,0
1264,0
1265,1
1266,0
1267,0
1268,1
1269,0
1270,1
1271,1
1272,1
1273,1
1274,0
1275,1
1276,0
1277,1
1278,0
1279,0
1280,0
1281,1
1282,0
1283,0
1284,0
1285,1
1286,1
1287,1
1288,1
1289,0
1290,1
1291,1
1292,0
1293,0
1294,1
1295,0
1296,0
1297,0
1298,0
1299,0
1300,0
1301,0
1302,0
1303,1
1304,0
1305,1
1306,1
1307,1
1308,1
1309,1
1310,0
1311,0
1312,1
1313,1
1314,1
1315,1
1316,0
1317,1
1318,1
1319,0
1320,0
1321,0
1322,1
1323,1
1324,1
1325,0
1326,0
1327,1
1328,1
1329,1
1330,1
1331,1
1332,1
1333,1
1334,0
1335,0
1336,1
1337,0
1338,1
1339,1
1340,1
1341,0
1342,0
1343,1
1344,1
1345,1
1346,0
1347,0
1348,0
1349,1
1350,0
1351,1
1352,0
1353,1
1354,0
1355,1
1356,0
1357,0
1358,0
1359,1
1360,0
1361,0
1362,0
1363,1
1364,1
1365,0
1366,1
1367,1
1368,0
1369,1
1370,1
1371,1
1372,0
1373,0
1374,0
1375,0
1376,1
1377,0
1378,0
1379,1
1380,1
1381,1
1382,0
1383,1
1384,0
1385,1
1386,0
1387,0
1388,0
1389,1
1390,1
1391,0
1392,1
1393,1
1394,1
1395,0
1396,1
1397,1
1398,0
1399,0
1400,0
1401,1
1402,1
1403,0
1404,0
1405,0
1406,1
1407,0
1408,0
1409,0
1410,1
1411,0
1412,1
1413,0
1414,1
1415,0
1416,0
1417,0
1418,0
1419,0
1420,1
1421,1
1422,0
1423,1
1424,1
1425,0
1426,1
1427,0
1428,0
1429,1
1430,1
1431,0
1432,0
1433,1
1434,0
1435,1
1436,0
1437,0
1438,0
1439,1
1440,1
1441,0
1442,0
1443,1
1444,0
1445,1
1446,1
1447,1
1448,1
1449,0
1450,0
1451,0
1452,1
1453,1
1454,0
1455,1
1456,1
1457,1
1458,1
1459,1
1460,1
1461,1
1462,1
1463,0
1464,1
1465,1
1466,0
1467,0
1468,1
1469,0
1470,0
1471,0
1472,0
1473,1
1474,1
1475,1
1476,0
1477,1
1478,1
1479,1
1480,0
1481,0
1482,0
1483,1
1484,0
1485,0
1486,1
1487,1
1488,0
1489,0
1490,0
1491,0
1492,0
1493,0
1494,0
1495,1
1496,1
1497,1
1498,1
1499,0
1500,0
1501,0
1502,1
1503,1
1504,1
1505,1
1506,0
1507,0
1508,0
1509,1
1510,0
1511,1
1512,0
1513,1
1514,1
1515,1
1516,1
1517,1
1518,0
1519,0
1520,1
1521,0
1522,0
1523,0
1524,0
1525,0
1526,0
1527,1
1528,0
1529,0
1530,1
1531,1
1532,1
1533,0
1534,0
1535,1
1536,1
1537,1
1538,0
1539,0
1540,1
1541,1
1542,1
1543,0
1544,0
1545,1
1546,0
1547,1
1548,0
1549,0
1550,1
1551,0
1552,1
1553,0
1554,1
1555,1
1556,1
1557,1
1558,1
1559,0
1560,1
1561,1
1562,1
1563,0
1564,1
1565,0
1566,0
1567,0
1568,0
1569,0
1570,1
1571,1
1572,1
1573,0
1574,1
1575,0
1576,0
1577,0
1578,0
1579,0
1580,0
1581,1
1582,0
1583,0
1584,0
1585,1
1586,0
1587,1
1588,0
1589,0
1590,0
1591,0
1592,0
1593,1
1594,0
1595,1
1596,0
1597,0
1598,0
1599,0
1600,0
1601,1
1602,1
1603,0
1604,1
1605,0
1606,0
1607,1
1608,1
1609,0
1610,0
1611,0
1612,0
1613,1
1614,1
1615,0
1616,1
1617,1
1618,1
1619,1
1620,1
1621,1
1622,0
1623,0
1624,1
1625,1
1626,1
1627,0
1628,1
1629,0
1630,1
1631,0
1632,1
1633,1
1634,0
1635,0
1636,1
1637,0
1638,0
1639,0
1640,1
1641,1
1642,1
1643,0
1644,1
1645,0
1646,0
1647,1
1648,0
1649,1
1650,0
1651,0
1652,1
1653,1
1654,0
1655,1
1656,0
1657,0
1658,1
1659,0
1660,0
1661,1
1662,1
1663,0
1664,0
1665,0
1666,0
1667,0
1668,0
1669,1
1670,1
1671,1
1672,1
1673,1
1674,1
1675,1
1676,0
1677,1
1678,0
1679,1
1680,1
1681,0
1682,0
1683,0
1684,0
1685,0
1686,1
1687,0
1688,0
1689,0
1690,0
1691,0
1692,0
1693,1
1694,1
1695,1
1696,1
1697,0
1698,1
1699,1
1700,1
1701,0
1702,1
1703,1
1704,0
1705,1
1706,0
1707,1
1708,0
1709,1
1710,0
1711,0
1712,1
1713,1
1714,0
1715,0
1716,1
1717,1
1718,1
1719,0
1720,1
1721,1
1722,0
1723,0
1724,0
1725,1
1726,0
1727,1
1728,0
1729,1
1730,0
1731,1
1732,1
1733,1
1734,1
1735,1
1736,0
1737,1
1738,1
1739,0
1740,1
1741,0
1742,0
1743,1
1744,0
1745,1
1746,0
1747,0
1748,1
1749,0
1750,1
1751,1
1752,0
1753,0
1754,0
1755,1
1756,1
1757,0
1758,1
1759,1
1760,1
1761,1
1762,0
1763,0
1764,0
1765,1
1766,1
1767,1
1768,1
1769,0
1770,1
1771,0
1772,0
1773,0
1774,1
1775,0
1776,1
1777,1
1778,0
1779,1
1780,0
1781,1
1782,0
1783,0
1784,0
1785,0
1786,1
1787,0
1788,0
1789,1
1790,0
1791,1
1792,0
1793,1
1794,0
1795,1
1796,0
1797,0
1798,0
1799,0
1800,0
1801,0
1802,1
1803,1
1804,0
1805,0
1806,0
1807,1
1808,1
1809,1
1810,1
1811,1
1812,0
1813,1
1814,1
1815,1
1816,1
1817,0
1818,0
1819,1
1820,1
1821,1
1822,0
1823,1
1824,1
1825,0
1826,0
1827,0
1828,1
1829,0
1830,0
1831,1
1832,0
1833,1
1834,0
1835,0
1836,0
1837,1
1838,0
1839,1
1840,0
1841,0
1842,1
1843,1
1844,1
1845,0
1846,1
1847,1
1848,0
1849,0
1850,1
1851,0
1852,1
1853,1
1854,0
1855,0
1856,1
1857,0
1858,1
1859,1
1860,0
1861,1
1862,1
1863,0
1864,0
1865,0
1866,0
1867,1
1868,0
1869,0
1870,0
1871,1
1872,0
1873,1
1874,1
1875,0
1876,0
1877,0
1878,1
1879,0
1880,0
1881,1
1882,0
1883,0
1884,1
1885,0
1886,0
1887,0
1888,0
1889,0
1890,0
1891,1
1892,0
1893,0
1894,0
1895,0
1896,1
1897,0
1898,0
1899,1
1900,0
1901,0
1902,0
1903,0
1904,0
1905,1
1906,1
1907,1
1908,0
1909,0
1910,0
1911,1
1912,0
1913,0
1914,0
1915,1
1916,0
1917,0
1918,0
1919,0
1920,0
1921,0
1922,1
1923,1
1924,0
1925,1
1926,1
1927,0
1928,1
1929,1
1930,1
1931,0
1932,1
1933,1
1934,1
1935,0
1936,1
1937,1
1938,1
1939,0
1940,1
1941,1
1942,0
1943,1
1944,1
1945,0
1946,1
1947,1
1948,0
1949,0
1950,1
1951,0
1952,0
1953,1
1954,1
1955,0
1956,0
1957,1
1958,1
1959,1
1960,1
1961,0
1962,1
1963,1
1964,0
1965,0
1966,0
1967,1
1968,0
1969,1
1970,1
1971,0
1972,0
1973,0
1974,0
1975,0
1976,1
1977,0
1978,1
1979,1
1980,0
1981,1
1982,0
1983,1
1984,1
1985,0
1986,0
1987,0
1988,1
1989,1
1990,1
1991,0
1992,0
1993,0
1994,1
1995,0
1996,1
1997,0
1998,0
1999,1
2000,1
2001,1
2002,0
2003,0
2004,0
2005,0
2006,0
2007,0
2008,0
2009,0
2010,0
2011,1
2012,1
2013,1
2014,0
2015,1
2016,1
2017,0
2018,1
2019,1
2020,1
2021,1
2022,0
2023,1
2024,0
2025,0
2026,0
2027,1
2028,1
2029,1
2030,1
2031,1
2032,1
2033,1
2034,0
2035,0
2036,0
2037,0
2038,0
2039,1
2040,0
2041,1
2042,1
2043,1
2044,1
2045,1
2046,1
2047,1
2048,1
2049,1
2050,1
2051,0
2052,1
2053,1
2054,1
2055,0
2056,1
2057,0
2058,0
2059,0
2060,0
2061,1
2062,1
2063,1
2064,1
2065,0
2066,0
2067,1
2068,1
2069,0
2070,1
2071,0
2072,0
2073,0
2074,1
2075,0
2076,0
2077,0
2078,1
2079,1
2080,0
2081,1
2082,1
2083,1
2084,0
2085,0
2086,1
2087,0
2088,1
2089,0
2090,1
2091,0
2092,0
2093,1
2094,1
2095,1
2096,1
2097,1
2098,1
2099,1
2100,1
2101,1
2102,0
2103,0
2104,1
2105,0
2106,0
2107,0
2108,1
2109,1
2110,1
2111,1
2112,1
2113,1
2114,1
2115,0
2116,1
2117,1
2118,1
2119,1
2120,0
2121,1
2122,0
2123,0
2124,1
2125,0
2126,1
2127,1
2128,0
2129,0
2130,0
2131,0
2132,1
2133,0
2134,0
2135,1
2136,0
2137,1
2138,1
2139,0
2140,0
2141,1
2142,1
2143,0
2144,0
2145,0
2146,0
2147,0
2148,0
2149,1
2150,0
2151,0
2152,1
2153,1
2154,1
2155,0
2156,1
2157,0
2158,1
2159,0
2160,0
2161,1
2162,1
2163,1
2164,0
2165,1
2166,0
2167,0
2168,0
2169,1
2170,1
2171,1
2172,0
2173,1
2174,1
2175,1
2176,1
2177,1
2178,1
2179,1
2180,0
2181,0
2182,0
2183,0
2184,1
2185,0
2186,1
2187,0
2188,1
2189,1
2190,0
2191,0
2192,0
2193,0
2194,0
2195,1
2196,0
2197,1
2198,0
2199,1
2200,0
2201,0
2202,1
2203,1
2204,1
2205,1
2206,1
2207,1
2208,1
2209,0
2210,1
2211,1
2212,0
2213,1
2214,0
2215,1
2216,0
2217,1
2218,0
2219,0
2220,1
2221,1
2222,1
2223,1
2224,1
2225,0
2226,0
2227,0
2228,0
2229,1
2230,0
2231,1
2232,1
2233,1
2234,0
2235,1
2236,0
2237,0
2238,1
2239,1
2240,0
2241,1
2242,1
2243,0
2244,0
2245,1
2246,1
2247,1
2248,0
2249,1
2250,1
2251,0
2252,1
2253,0
2254,1
2255,1
2256,1
2257,1
2258,0
2259,0
2260,1
2261,1
2262,1
2263,1
2264,0
2265,1
2266,0
2267,1
2268,0
2269,1
2270,0
2271,0
2272,0
2273,0
2274,1
2275,0
2276,0
2277,1
2278,0
2279,1
2280,1
2281,1
2282,0
2283,0
2284,1
2285,1
2286,0
2287,0
2288,1
2289,0
2290,1
2291,1
2292,0
2293,1
2294,1
2295,0
2296,0
2297,1
2298,1
2299,0
2300,1
2301,1
2302,0
2303,0
2304,0
2305,1
2306,0
2307,1
2308,1
2309,1
2310,0
2311,0
2312,1
2313,0
2314,1
2315,0
2316,0
2317,0
2318,0
2319,0
2320,1
2321,0
2322,1
2323,0
2324,1
2325,0
2326,1
2327,1
2328,0
2329,0
2330,1
2331,0
2332,0
2333,1
2334,1
2335,0
2336,0
2337,1
2338,0
2339,0
2340,1
2341,0
2342,0
2343,0
2344,0
2345,1
2346,1
2347,1
2348,0
2349,1
2350,1
2351,0
2352,1
2353,0
2354,0
2355,0
2356,1
2357,0
2358,1
2359,0
2360,0
2361,0
2362,0
2363,1
2364,1
2365,1
2366,1
2367,0
2368,1
2369,0
2370,0
2371,1
2372,1
2373,1
2374,1
2375,0
2376,0
2377,0
2378,0
2379,0
2380,1
2381,1
2382,0
2383,0
2384,0
2385,0
2386,1
2387,0
2388,0
2389,0
2390,1
2391,1
2392,1
2393,1
2394,0
2395,1
2396,1
2397,1
2398,0
2399,1
2400,1
2401,0
2402,1
2403,1
2404,0
2405,0
2406,1
2407,0
2408,0
2409,1
2410,0
2411,1
2412,0
2413,1
2414,1
2415,0
2416,0
2417,1
2418,1
2419,1
2420,1
2421,0
2422,0
2423,0
2424,1
2425,0
2426,0
2427,1
2428,1
2429,1
2430,1
2431,1
2432,1
2433,1
2434,0
2435,1
2436,1
2437,1
2438,1
2439,1
2440,0
2441,0
2442,0
2443,1
2444,0
2445,0
2446,0
2447,0
2448,1
2449,0
2450,0
2451,0
2452,1
2453,1
2454,0
2455,0
2456,0
2457,1
2458,1
2459,1
2460,1
2461,1
2462,0
2463,0
2464,0
2465,1
2466,1
2467,0
2468,0
2469,1
2470,0
2471,0
2472,0
2473,1
2474,0
2475,1
2476,0
2477,1
2478,0
2479,0
2480,0
2481,1
2482,0
2483,0
2484,1
2485,1
2486,1
2487,0
2488,1
2489,1
2490,1
2491,0
2492,0
2493,0
2494,1
2495,0
2496,0
2497,1
2498,0
2499,1
2500,0
2501,0
2502,1
2503,0
2504,1
2505,1
2506,1
2507,0
2508,1
2509,1
2510,0
2511,1
2512,0
2513,0
2514,0
2515,0
2516,1
2517,1
2518,0
2519,1
2520,0
2521,0
2522,1
2523,1
2524,1
2525,0
2526,0
2527,0
2528,0
2529,0
2530,0
2531,1
2532,0
2533,0
2534,0
2535,1
2536,1
2537,1
2538,1
2539,0
2540,0
2541,1
2542,1
2543,1
2544,1
2545,0
2546,0
2547,0
2548,0
2549,1
2550,0
2551,0
2552,1
2553,1
2554,1
2555,0
2556,0
2557,0
2558,1
2559,0
2560,1
2561,0
2562,1
2563,1
2564,0
2565,1
2566,0
2567,1
2568,1
2569,1
2570,0
2571,0
2572,0
2573,0
2574,0
2575,0
2576,0
2577,1
2578,1
2579,0
2580,0
2581,0
2582,0
2583,1
2584,1
2585,1
2586,1
2587,1
2588,0
2589,0
2590,0
2591,0
2592,1
2593,0
2594,0
2595,0
2596,0
2597,1
2598,0
2599,0
2600,1
2601,1
2602,1
2603,0
2604,0
2605,0
2606,0
2607,1
2608,1
2609,0
2610,0
2611,1
2612,0
2613,1
2614,1
2615,1
2616,0
2617,1
2618,0
2619,1
2620,0
2621,1
2622,0
2623,1
2624,0
2625,1
2626,1
2627,0
2628,0
2629,0
2630,1
2631,1
2632,0
2633,1
2634,1
2635,1
2636,0
2637,0
2638,0
2639,0
2640,0
2641,1
2642,1
2643,1
2644,1
2645,0
2646,1
2647,1
2648,1
2649,0
2650,0
2651,1
2652,1
2653,0
2654,0
2655,0
2656,1
2657,1
2658,1
2659,1
2660,1
2661,1
2662,1
2663,1
2664,0
2665,0
2666,1
2667,1
2668,1
2669,1
2670,1
2671,1
2672,1
2673,1
2674,1
2675,0
2676,0
2677,0
2678,0
2679,1
2680,0
2681,0
2682,0
2683,0
2684,1
2685,0
2686,1
2687,0
2688,0
2689,1
2690,0
2691,0
2692,0
2693,0
2694,1
2695,0
2696,1
2697,0
2698,1
2699,1
2700,1
2701,1
2702,0
2703,1
2704,0
2705,0
2706,1
2707,0
2708,0
2709,0
2710,1
2711,0
2712,1
2713,0
2714,0
2715,0
2716,0
2717,0
2718,0
2719,1
2720,1
2721,1
2722,1
2723,0
2724,1
2725,1
2726,0
2727,1
2728,0
2729,0
2730,1
2731,0
2732,1
2733,1
2734,1
2735,1
2736,0
2737,1
2738,1
2739,0
2740,1
2741,0
2742,0
2743,0
2744,1
2745,0
2746,0
2747,1
2748,0
2749,1
2750,0
2751,1
2752,1
2753,0
2754,0
2755,1
2756,0
2757,1
2758,0
2759,1
2760,0
2761,0
2762,1
2763,1
2764,0
2765,0
2766,1
2767,1
2768,1
2769,1
2770,1
2771,1
2772,1
2773,0
2774,0
2775,1
2776,1
2777,1
2778,1
2779,0
2780,1
2781,0
2782,1
2783,0
2784,1
2785,1
2786,1
2787,1
2788,0
2789,0
2790,1
2791,0
2792,0
2793,1
2794,0
2795,0
2796,1
2797,1
2798,1
2799,1
2800,0
2801,0
2802,0
2803,0
2804,1
2805,1
2806,1
2807,1
2808,1
2809,0
2810,0
2811,1
2812,1
2813,0
2814,0
2815,0
2816,1
2817,1
2818,1
2819,1
2820,0
2821,1
2822,0
2823,0
2824,1
2825,1
2826,0
2827,0
2828,0
2829,0
2830,1
2831,0
2832,0
2833,0
2834,1
2835,0
2836,0
2837,0
2838,0
2839,0
2840,0
2841,1
2842,1
2843,0
2844,1
2845,1
2846,1
2847,0
2848,0
2849,1
2850,1
2851,1
2852,0
2853,1
2854,1
2855,0
2856,1
2857,0
2858,1
2859,1
2860,1
2861,0
2862,0
2863,1
2864,1
2865,1
2866,1
2867,0
2868,1
2869,0
2870,0
2871,0
2872,0
2873,0
2874,1
2875,1
2876,0
2877,1
2878,1
2879,0
2880,0
2881,1
2882,0
2883,1
2884,0
2885,1
2886,1
2887,1
2888,0
2889,1
2890,0
2891,0
2892,1
2893,1
2894,1
2895,1
2896,1
2897,1
2898,1
2899,1
2900,0
2901,0
2902,0
2903,0
2904,1
2905,1
2906,1
2907,1
2908,0
2909,0
2910,0
2911,1
2912,1
2913,1
2914,1
2915,0
2916,1
2917,1
2918,0
2919,0
2920,1
2921,0
2922,0
2923,1
2924,1
2925,1
2926,0
2927,1
2928,1
2929,1
2930,1
2931,1
2932,0
2933,1
2934,0
2935,0
2936,1
2937,1
2938,1
2939,0
2940,1
2941,0
2942,0
2943,0
2944,0
2945,1
2946,0
2947,1
2948,1
2949,0
2950,0
2951,0
2952,0
2953,0
2954,0
2955,0
2956,0
2957,1
2958,0
2959,0
2960,1
2961,0
2962,0
2963,1
2964,1
2965,1
2966,1
2967,1
2968,1
2969,0
2970,0
2971,0
2972,0
2973,0
2974,0
2975,0
2976,0
2977,1
2978,0
2979,0
2980,0
2981,0
2982,0
2983,0
2984,1
2985,1
2986,0
2987,0
2988,0
2989,0
2990,1
2991,1
2992,0
2993,0
2994,0
2995,1
2996,1
2997,0
2998,0
2999,0
3000,0
3001,0
3002,0
3003,0
3004,0
3005,0
3006,1
3007,0
3008,0
3009,1
3010,0
3011,1
3012,1
3013,0
3014,1
3015,0
3016,0
3017,0
3018,0
3019,1
3020,1
3021,0
3022,1
3023,1
3024,0
3025,0
3026,0
3027,0
3028,1
3029,0
3030,1
3031,0
3032,0
3033,1
3034,0
3035,0
3036,0
3037,0
3038,1
3039,1
3040,1
3041,1
3042,0
3043,1
3044,1
3045,1
3046,1
3047,1
3048,1
3049,1
3050,0
3051,0
3052,0
3053,1
3054,0
3055,0
3056,0
3057,0
3058,0
3059,1
3060,1
3061,0
3062,0
3063,1
3064,1
3065,0
3066,0
3067,1
3068,0
3069,0
3070,1
3071,1
3072,0
3073,0
3074,0
3075,0
3076,0
3077,1
3078,1
3079,1
3080,1
3081,1
3082,0
3083,0
3084,1
3085,1
3086,0
3087,0
3088,0
3089,0
3090,0
3091,0
3092,1
3093,0
3094,1
3095,1
3096,0
3097,0
3098,0
3099,0
3100,0
3101,1
3102,1
3103,1
3104,1
3105,1
3106,0
3107,1
3108,1
3109,0
3110,1
3111,0
3112,1
3113,1
3114,0
3115,1
3116,0
3117,0
3118,1
3119,0
3120,0
3121,1
3122,0
3123,1
3124,1
3125,1
3126,0
3127,0
3128,0
3129,1
3130,1
3131,1
3132,0
3133,0
3134,0
3135,0
3136,1
3137,0
3138,1
3139,0
3140,0
3141,1
3142,1
3143,1
3144,0
3145,0
3146,1
3147,0
3148,0
3149,1
3150,0
3151,1
3152,1
3153,0
3154,0
3155,0
3156,0
3157,1
3158,0
3159,0
3160,0
3161,1
3162,0
3163,0
3164,1
3165,1
3166,0
3167,0
3168,1
3169,0
3170,1
3171,0
3172,0
3173,0
3174,0
3175,0
3176,1
3177,0
3178,0
3179,1
3180,0
3181,0
3182,1
3183,0
3184,1
3185,1
3186,0
3187,1
3188,1
3189,0
3190,1
3191,1
3192,1
3193,1
3194,0
3195,0
3196,0
3197,1
3198,0
3199,1
3200,1
3201,0
3202,1
3203,1
3204,0
3205,1
3206,1
3207,0
3208,0
3209,0
3210,0
3211,1
3212,0
3213,0
3214,1
3215,0
3216,1
3217,1
3218,1
3219,0
3220,0
3221,1
3222,1
3223,1
3224,0
3225,1
3226,1
3227,0
3228,1
3229,0
3230,1
3231,0
3232,1
3233,1
3234,1
3235,0
3236,1
3237,1
3238,0
3239,1
3240,0
3241,1
3242,1
3243,0
3244,0
3245,1
3246,0
3247,1
3248,0
3249,0
3250,0
3251,0
3252,0
3253,0
3254,1
3255,1
3256,1
3257,0
3258,1
3259,1
3260,0
3261,1
3262,1
3263,1
3264,1
3265,0
3266,0
3267,0
3268,0
3269,1
3270,1
3271,0
3272,0
3273,1
3274,1
3275,0
3276,0
3277,1
3278,0
3279,0
3280,1
3281,0
3282,1
3283,0
3284,0
3285,0
3286,1
3287,1
3288,0
3289,0
3290,1
3291,0
3292,0
3293,1
3294,1
3295,0
3296,0
3297,0
3298,0
3299,0
3300,0
3301,1
3302,0
3303,0
3304,1
3305,0
3306,1
3307,1
3308,1
3309,1
3310,1
3311,1
3312,0
3313,1
3314,0
3315,1
3316,0
3317,1
3318,0
3319,0
3320,1
3321,0
3322,0
3323,0
3324,0
3325,1
3326,1
3327,0
3328,1
3329,1
3330,0
3331,0
3332,0
3333,0
3334,0
3335,0
3336,1
3337,0
3338,1
3339,1
3340,0
3341,0
3342,0
3343,1
3344,1
3345,1
3346,1
3347,1
3348,0
3349,1
3350,1
3351,0
3352,1
3353,1
3354,0
3355,0
3356,0
3357,1
3358,1
3359,0
3360,0
3361,1
3362,0
3363,0
3364,0
3365,1
3366,1
3367,0
3368,0
3369,1
3370,0
3371,0
3372,0
3373,0
3374,0
3375,1
3376,0
3377,1
3378,0
3379,0
3380,0
3381,0
3382,0
3383,0
3384,0
3385,1
3386,1
3387,1
3388,0
3389,0
3390,1
3391,1
3392,1
3393,0
3394,1
3395,1
3396,0
3397,0
3398,1
3399,0
3400,1
3401,1
3402,0
3403,1
3404,0
3405,0
3406,0
3407,1
3408,0
3409,0
3410,1
3411,0
3412,1
3413,0
3414,0
3415,1
3416,1
3417,1
3418,1
3419,1
3420,0
3421,1
3422,0
3423,0
3424,1
3425,1
3426,1
3427,1
3428,0
3429,0
3430,1
3431,0
3432,1
3433,0
3434,1
3435,0
3436,1
3437,1
3438,0
3439,1
3440,1
3441,0
3442,0
3443,1
3444,0
3445,0
3446,0
3447,0
3448,1
3449,1
3450,1
3451,0
3452,0
3453,1
3454,0
3455,1
3456,0
3457,1
3458,0
3459,0
3460,1
3461,1
3462,0
3463,1
3464,0
3465,0
3466,1
3467,1
3468,1
3469,1
3470,1
3471,1
3472,1
3473,0
3474,0
3475,0
3476,0
3477,1
3478,1
3479,0
3480,1
3481,0
3482,0
3483,1
3484,1
3485,0
3486,0
3487,0
3488,1
3489,1
3490,0
3491,0
3492,1
3493,0
3494,0
3495,1
3496,1
3497,0
3498,0
3499,0
3500,0
3501,0
3502,0
3503,0
3504,0
3505,0
3506,1
3507,1
3508,0
3509,0
3510,0
3511,0
3512,1
3513,1
3514,1
3515,0
3516,1
3517,1
3518,0
3519,0
3520,1
3521,0
3522,1
3523,1
3524,1
3525,1
3526,0
3527,0
3528,0
3529,1
3530,1
3531,0
3532,1
3533,0
3534,1
3535,0
3536,1
3537,0
3538,1
3539,0
3540,1
3541,0
3542,0
3543,1
3544,1
3545,0
3546,0
3547,1
3548,1
3549,1
3550,0
3551,0
3552,1
3553,1
3554,0
3555,0
3556,0
3557,0
3558,1
3559,0
3560,1
3561,0
3562,1
3563,1
3564,0
3565,1
3566,0
3567,0
3568,1
3569,1
3570,0
3571,1
3572,0
3573,1
3574,1
3575,1
3576,0
3577,1
3578,0
3579,1
3580,1
3581,0
3582,1
3583,1
3584,0
3585,1
3586,1
3587,0
3588,1
3589,1
3590,1
3591,1
3592,0
3593,0
3594,0
3595,1
3596,0
3597,1
3598,1
3599,0
3600,0
3601,1
3602,0
3603,0
3604,1
3605,1
3606,0
3607,1
3608,0
3609,0
3610,0
3611,1
3612,0
3613,1
3614,1
3615,1
3616,0
3617,0
3618,1
3619,1
3620,0
3621,1
3622,0
3623,1
3624,0
3625,0
3626,1
3627,1
3628,1
3629,0
3630,1
3631,1
3632,0
3633,0
3634,0
3635,1
3636,1
3637,0
3638,0
3639,1
3640,1
3641,1
3642,1
3643,0
3644,0
3645,1
3646,1
3647,1
3648,0
3649,1
3650,0
3651,1
3652,1
3653,1
3654,0
3655,0
3656,0
3657,0
3658,1
3659,1
3660,0
3661,0
3662,0
3663,1
3664,1
3665,1
3666,0
3667,0
3668,1
3669,0
3670,0
3671,1
3672,0
3673,1
3674,1
3675,0
3676,1
3677,1
3678,0
3679,0
3680,1
3681,1
3682,1
3683,1
3684,1
3685,1
3686,0
3687,0
3688,0
3689,1
3690,1
3691,0
3692,0
3693,1
3694,0
3695,1
3696,1
3697,1
3698,1
3699,1
3700,1
3701,1
3702,0
3703,0
3704,0
3705,0
3706,1
3707,0
3708,0
3709,1
3710,0
3711,1
3712,0
3713,0
3714,1
3715,0
3716,1
3717,1
3718,0
3719,0
3720,1
3721,1
3722,1
3723,0
3724,1
3725,1
3726,0
3727,0
3728,1
3729,0
3730,1
3731,0
3732,0
3733,0
3734,0
3735,0
3736,0
3737,1
3738,0
3739,0
3740,0
3741,0
3742,0
3743,1
3744,1
3745,0
3746,1
3747,0
3748,1
3749,1
3750,1
3751,0
3752,1
3753,0
3754,0
3755,1
3756,0
3757,0
3758,0
3759,1
3760,1
3761,0
3762,0
3763,1
3764,1
3765,0
3766,0
3767,0
3768,0
3769,1
3770,1
3771,0
3772,1
3773,0
3774,1
3775,0
3776,0
3777,0
3778,0
3779,0
3780,1
3781,1
3782,0
3783,0
3784,1
3785,0
3786,1
3787,0
3788,0
3789,0
3790,0
3791,1
3792,0
3793,0
3794,0
3795,1
3796,0
3797,1
3798,1
3799,1
3800,1
3801,0
3802,1
3803,1
3804,1
3805,1
3806,0
3807,0
3808,0
3809,1
3810,0
3811,1
3812,0
3813,0
3814,1
3815,0
3816,0
3817,0
3818,0
3819,1
3820,0
3821,0
3822,1
3823,1
3824,1
3825,0
3826,0
3827,0
3828,0
3829,0
3830,0
3831,0
3832,1
3833,0
3834,1
3835,0
3836,1
3837,1
3838,0
3839,0
3840,0
3841,1
3842,1
3843,1
3844,0
3845,0
3846,1
3847,1
3848,1
3849,0
3850,0
3851,1
3852,0
3853,1
3854,0
3855,0
3856,0
3857,1
3858,1
3859,0
3860,0
3861,0
3862,0
3863,0
3864,1
3865,0
3866,0
3867,0
3868,0
3869,1
3870,0
3871,1
3872,1
3873,1
3874,0
3875,1
3876,0
3877,1
3878,1
3879,0
3880,0
3881,1
3882,1
3883,0
3884,0
3885,0
3886,1
3887,1
3888,0
3889,1
3890,1
3891,0
3892,1
3893,0
3894,0
3895,1
3896,1
3897,1
3898,0
3899,1
3900,1
3901,0
3902,0
3903,0
3904,0
3905,1
3906,1
3907,1
3908,0
3909,1
3910,1
3911,1
3912,1
3913,1
3914,1
3915,1
3916,1
3917,1
3918,0
3919,0
3920,1
3921,1
3922,1
3923,1
3924,1
3925,1
3926,1
3927,1
3928,0
3929,0
3930,0
3931,0
3932,0
3933,0
3934,1
3935,0
3936,1
3937,0
3938,0
3939,1
3940,1
3941,1
3942,0
3943,1
3944,1
3945,0
3946,1
3947,0
3948,0
3949,1
3950,1
3951,1
3952,0
3953,1
3954,0
3955,0
3956,1
3957,0
3958,1
3959,1
3960,1
3961,1
3962,1
3963,1
3964,1
3965,0
3966,1
3967,1
3968,0
3969,1
3970,0
3971,0
3972,1
3973,1
3974,1
3975,0
3976,1
3977,0
3978,1
3979,0
3980,1
3981,1
3982,1
3983,0
3984,0
3985,0
3986,1
3987,1
3988,0
3989,0
3990,0
3991,1
3992,1
3993,1
3994,0
3995,0
3996,1
3997,1
3998,1
3999,1
4000,1
4001,1
4002,1
4003,0
4004,1
4005,0
4006,0
4007,1
4008,1
4009,0
4010,0
4011,1
4012,1
4013,0
4014,0
4015,0
4016,0
4017,1
4018,1
4019,0
4020,0
4021,0
4022,1
4023,0
4024,1
4025,1
4026,0
4027,0
4028,1
4029,1
4030,0
4031,1
4032,1
4033,1
4034,1
4035,0
4036,0
4037,0
4038,0
4039,0
4040,1
4041,0
4042,1
4043,1
4044,1
4045,1
4046,0
4047,0
4048,0
4049,1
4050,1
4051,1
4052,1
4053,0
4054,1
4055,0
4056,0
4057,1
4058,0
4059,0
4060,1
4061,1
4062,1
4063,1
4064,1
4065,0
4066,1
4067,1
4068,0
4069,1
4070,0
4071,0
4072,1
4073,1
4074,1
4075,0
4076,1
4077,1
4078,0
4079,1
4080,1
4081,1
4082,1
4083,1
4084,0
4085,0
4086,1
4087,0
4088,1
4089,1
4090,0
4091,1
4092,0
4093,1
4094,0
4095,0
4096,0
4097,0
4098,1
4099,0
4100,0
4101,1
4102,1
4103,0
4104,0
4105,1
4106,0
4107,1
4108,1
4109,1
4110,1
4111,1
4112,0
4113,0
4114,1
4115,0
4116,1
4117,1
4118,1
4119,0
4120,1
4121,1
4122,0
4123,0
4124,0
4125,1
4126,0
4127,1
4128,1
4129,0
4130,0
4131,0
4132,0
4133,1
4134,1
4135,0
4136,1
4137,0
4138,1
4139,0
4140,0
4141,1
4142,1
4143,0
4144,0
4145,1
4146,1
4147,1
4148,1
4149,1
4150,0
4151,1
4152,0
4153,1
4154,0
4155,0
4156,0
4157,1
4158,1
4159,0
4160,0
4161,1
4162,0
4163,0
4164,0
4165,1
4166,1
4167,1
4168,1
4169,0
4170,1
4171,0
4172,1
4173,1
4174,0
4175,1
4176,0
4177,0
4178,0
4179,0
4180,0
4181,1
4182,0
4183,1
4184,0
4185,1
4186,1
4187,0
4188,0
4189,0
4190,1
4191,0
4192,1
4193,0
4194,0
4195,0
4196,0
4197,1
4198,0
4199,1
4200,1
4201,0
4202,0
4203,0
4204,0
4205,1
4206,1
4207,0
4208,0
4209,1
4210,1
4211,1
4212,0
4213,0
4214,1
4215,0
4216,0
4217,1
4218,1
4219,0
4220,0
4221,0
4222,0
4223,0
4224,0
4225,0
4226,1
4227,1
4228,0
4229,1
4230,0
4231,1
4232,1
4233,1
4234,0
4235,1
4236,1
4237,0
4238,0
4239,1
4240,0
4241,1
4242,0
4243,1
4244,1
4245,1
4246,0
4247,1
4248,1
4249,0
4250,0
4251,0
4252,1
4253,1
4254,0
4255,1
4256,1
4257,1
4258,0
4259,0
4260,1
4261,0
4262,1
4263,0
4264,0
4265,1
4266,0
4267,1
4268,0
4269,0
4270,0
4271,1
4272,0
4273,1
4274,0
4275,1
4276,0
4277,0
4278,1
4279,1
4280,0
4281,1
4282,0
4283,0
4284,1
4285,0
4286,0
4287,0
4288,0
4289,0
4290,0
4291,0
4292,0
4293,0
4294,1
4295,1
4296,1
4297,1
4298,1
4299,1
4300,0
4301,1
4302,1
4303,1
4304,0
4305,0
4306,0
4307,0
4308,0
4309,0
4310,0
4311,0
4312,0
4313,1
4314,1
4315,1
4316,0
4317,0
4318,0
4319,0
4320,0
4321,1
4322,0
4323,1
4324,0
4325,0
4326,0
4327,0
4328,0
4329,0
4330,0
4331,0
4332,0
4333,0
4334,1
4335,0
4336,0
4337,0
4338,0
4339,0
4340,1
4341,0
4342,0
4343,1
4344,1
4345,0
4346,1
4347,1
4348,0
4349,1
4350,1
4351,1
4352,0
4353,1
4354,0
4355,1
4356,1
4357,1
4358,1
4359,1
4360,0
4361,1
4362,1
4363,0
4364,0
4365,0
4366,0
4367,0
4368,0
4369,0
4370,0
4371,1
4372,1
4373,1
4374,0
4375,0
4376,1
4377,0
4378,1
4379,1
4380,0
4381,1
4382,1
4383,1
4384,0
4385,0
4386,0
4387,0
4388,0
4389,1
4390,0
4391,1
4392,1
4393,0
4394,0
4395,1
4396,1
4397,0
4398,1
4399,1
4400,1
4401,1
4402,0
4403,1
4404,1
4405,0
4406,1
4407,0
4408,0
4409,1
4410,0
4411,0
4412,0
4413,0
4414,0
4415,0
4416,1
4417,0
4418,1
4419,1
4420,1
4421,0
4422,1
4423,1
4424,0
4425,0
4426,0
4427,0
4428,1
4429,0
4430,1
4431,0
4432,1
4433,1
4434,1
4435,1
4436,1
4437,1
4438,1
4439,0
4440,1
4441,0
4442,0
4443,0
4444,1
4445,1
4446,1
4447,1
4448,1
4449,0
4450,0
4451,0
4452,0
4453,1
4454,0
4455,0
4456,0
4457,1
4458,1
4459,0
4460,1
4461,0
4462,0
4463,0
4464,1
4465,1
4466,0
4467,1
4468,0
4469,0
4470,1
4471,0
4472,0
4473,0
4474,1
4475,1
4476,1
4477,1
4478,0
4479,1
4480,1
4481,0
4482,0
4483,0
4484,0
4485,1
4486,0
4487,1
4488,0
4489,1
4490,0
4491,0
4492,0
4493,1
4494,0
4495,0
4496,1
4497,1
4498,1
4499,0
4500,0
4501,1
4502,0
4503,1
4504,1
4505,1
4506,1
4507,1
4508,1
4509,1
4510,0
4511,1
4512,0
4513,0
4514,1
4515,1
4516,1
4517,1
4518,0
4519,0
4520,1
4521,1
4522,1
4523,1
4524,0
4525,1
4526,0
4527,0
4528,1
4529,0
4530,1
4531,1
4532,0
4533,1
4534,0
4535,0
4536,1
4537,0
4538,0
4539,0
4540,0
4541,1
4542,1
4543,0
4544,0
4545,1
4546,1
4547,0
4548,1
4549,0
4550,0
4551,1
4552,1
4553,0
4554,1
4555,1
4556,1
4557,0
4558,0
4559,0
4560,0
4561,1
4562,0
4563,1
4564,0
4565,0
4566,1
4567,1
4568,1
4569,0
4570,1
4571,1
4572,0
4573,1
4574,0
4575,0
4576,0
4577,0
4578,1
4579,1
